epoch_index_starting_at_1,value
1,0.7369799911975861
2,0.5343399941921234
3,0.43592000007629395
4,0.35909998416900635
5,0.2989400029182434
6,0.24489998817443848
