epoch_index_starting_at_1,value
1,30.960504293441772
2,29.91825819015503
3,29.119542598724365
4,30.91142201423645
5,30.153829336166382
6,29.184785842895508
