epoch_index_starting_at_1,value
1,31.02569603919983
2,30.262508869171143
3,32.67425179481506
4,37.405598163604736
5,37.334197998046875
6,37.323259353637695
7,39.97111392021179
8,38.33463644981384
